ProductID,ProductName,QuantityPerUnit,UnitPrice,UnitsInStock,UnitsOnOrder
1,Chai,10 boxes x 20 bags,18.00,39,0
2,Chang,24 - 12 oz bottles,19.00,17,40
3,Aniseed Syrup,12 - 550 ml bottles,10.00,13,70
4,Chef Anton's Cajun Seasoning,48 - 6 oz jars,22.00,53,0
5,Chef Anton's Gumbo Mix,36 boxes,21.35,0,0
6,Grandma's Boysenberry Spread,12 - 8 oz jars,25.00,120,0
7,Uncle Bob's Organic Dried Pears,12 - 1 lb pkgs.,30.00,15,0
8,Northwoods Cranberry Sauce,12 - 12 oz jars,40.00,6,0
9,Mishi Kobe Niku,18 - 500 g pkgs.,97.00,29,0
10,Ikura,12 - 200 ml jars,31.00,31,0
11,Queso Cabrales,1 kg pkg.,21.00,22,30
12,Queso Manchego La Pastora,10 - 500 g pkgs.,38.00,86,0
13,Konbu,2 kg box,6.00,24,0
14,Tofu,40 - 100 g pkgs.,23.25,35,0
15,Genen Shouyu,24 - 250 ml bottles,15.50,39,0
16,Pavlova,32 - 500 g boxes,17.45,29,0
17,Alice Mutton,20 - 1 kg tins,39.00,0,0
18,Carnarvon Tigers,16 kg pkg.,62.50,42,0
19,Teatime Chocolate Biscuits,10 boxes x 12 pieces,9.20,25,0
20,Sir Rodney's Marmalade,30 gift boxes,81.00,40,0
21,Sir Rodney's Scones,24 pkgs. x 4 pieces,10.00,3,40
22,Gustaf's Knäckebröd,24 - 500 g pkgs.,21.00,104,0
23,Tunnbröd,12 - 250 g pkgs.,9.00,61,0
24,Guaraná Fantástica,12 - 355 ml cans,4.50,20,0
25,NuNuCa Nuß-Nougat-Creme,20 - 450 g glasses,14.00,76,0
26,Gumbär Gummibärchen,100 - 250 g bags,31.23,15,0
27,Schoggi Schokolade,100 - 100 g pieces,43.90,49,0
28,Rössle Sauerkraut,25 - 825 g cans,45.60,26,0
29,Thüringer Rostbratwurst,50 bags x 30 sausgs.,123.79,0,0
30,Nord-Ost Matjeshering,10 - 200 g glasses,25.89,10,0
31,Gorgonzola Telino,12 - 100 g pkgs,12.50,0,70
32,Mascarpone Fabioli,24 - 200 g pkgs.,32.00,9,40
33,Geitost,500 g,2.50,112,0
34,Sasquatch Ale,24 - 12 oz bottles,14.00,111,0
35,Steeleye Stout,24 - 12 oz bottles,18.00,20,0
36,Inlagd Sill,24 - 250 g  jars,19.00,112,0
37,Gravad lax,12 - 500 g pkgs.,26.00,11,50
38,Côte de Blaye,12 - 75 cl bottles,263.50,17,0
39,Chartreuse verte,750 cc per bottle,18.00,69,0
40,Boston Crab Meat,24 - 4 oz tins,18.40,123,0
41,Jack's New England Clam Chowder,12 - 12 oz cans,9.65,85,0
42,Singaporean Hokkien Fried Mee,32 - 1 kg pkgs.,14.00,26,0
43,Ipoh Coffee,16 - 500 g tins,46.00,17,10
44,Gula Malacca,20 - 2 kg bags,19.45,27,0
45,Rogede sild,1k pkg.,9.50,5,70
46,Spegesild,4 - 450 g glasses,12.00,95,0
47,Zaanse koeken,10 - 4 oz boxes,9.50,36,0
48,Chocolade,10 pkgs.,12.75,15,70
49,Maxilaku,24 - 50 g pkgs.,20.00,10,60
50,Valkoinen suklaa,12 - 100 g bars,16.25,65,0
51,Manjimup Dried Apples,50 - 300 g pkgs.,53.00,20,0
52,Filo Mix,16 - 2 kg boxes,7.00,38,0
53,Perth Pasties,48 pieces,32.80,0,0
54,Tourtière,16 pies,7.45,21,0
55,Pâté chinois,24 boxes x 2 pies,24.00,115,0
56,Gnocchi di nonna Alice,24 - 250 g pkgs.,38.00,21,10
57,Ravioli Angelo,24 - 250 g pkgs.,19.50,36,0
58,Escargots de Bourgogne,24 pieces,13.25,62,0
59,Raclette Courdavault,5 kg pkg.,55.00,79,0
60,Camembert Pierrot,15 - 300 g rounds,34.00,19,0
61,Sirop d'érable,24 - 500 ml bottles,28.50,113,0
62,Tarte au sucre,48 pies,49.30,17,0
63,Vegie-spread,15 - 625 g jars,43.90,24,0
64,Wimmers gute Semmelknödel,20 bags x 4 pieces,33.25,22,80
65,Louisiana Fiery Hot Pepper Sauce,32 - 8 oz bottles,21.05,76,0
66,Louisiana Hot Spiced Okra,24 - 8 oz jars,17.00,4,100
67,Laughing Lumberjack Lager,24 - 12 oz bottles,14.00,52,0
68,Scottish Longbreads,10 boxes x 8 pieces,12.50,6,10
69,Gudbrandsdalsost,10 kg pkg.,36.00,26,0
70,Outback Lager,24 - 355 ml bottles,15.00,15,10
71,Flotemysost,10 - 500 g pkgs.,21.50,26,0
72,Mozzarella di Giovanni,24 - 200 g pkgs.,34.80,14,0
73,Röd Kaviar,24 - 150 g jars,15.00,101,0
74,Longlife Tofu,5 kg pkg.,10.00,4,20
75,Rhönbräu Klosterbier,24 - 0.5 l bottles,7.75,125,0
76,Lakkalikööri,500 ml,18.00,57,0
77,Original Frankfurter grüne Soße,12 boxes,13.00,32,0
